Network;NetType;ESSID;BSSID;Info;Channel;Cloaked;Encryption;Decrypted;MaxRate;MaxSeenRate;Beacon;LLC;Data;Crypt;Weak;Total;Carrier;Encoding;FirstTime;LastTime;BestQuality;BestSignal;BestNoise;GPSMinLat;GPSMinLon;GPSMinAlt;GPSMinSpd;GPSMaxLat;GPSMaxLon;GPSMaxAlt;GPSMaxSpd;GPSBestLat;GPSBestLon;GPSBestAlt;DataSize;IPType;IP;
1;infrastructure;Keenetic-9069;E4:18:6B:01:8F:D2;;6;No;WPA2,AES-CCM;No;270.0;0;1;0;1;0;0;1;;;Sat Mar 23 02:09:47 2019;Sat Mar 23 02:09:51 2019;-91;0;0;0.000000;0.000000;0.000000;0.000000;0.000000;0.000000;0.000000;0.000000;0.000000;0.000000;0.000000;0;0;0.0.0.0;
2;infrastructure;Keenetic-4857;50:FF:20:08:87:24;;3;No;WPA2,AES-CCM;No;270.0;0;2;0;0;0;0;0;;;Sat Mar 23 02:09:42 2019;Sat Mar 23 02:09:46 2019;-90;0;0;0.000000;0.000000;0.000000;0.000000;0.000000;0.000000;0.000000;0.000000;0.000000;0.000000;0.000000;0;0;0.0.0.0;
3;infrastructure;Tenda_E62F18;04:95:E6:E6:2F:18;;4;No;WPA2,AES-CCM;No;270.0;0;8;0;0;0;0;0;;;Sat Mar 23 02:09:35 2019;Sat Mar 23 02:09:50 2019;-90;0;0;0.000000;0.000000;0.000000;0.000000;0.000000;0.000000;0.000000;0.000000;0.000000;0.000000;0.000000;0;0;0.0.0.0;
4;infrastructure;TP-LINK_3F14;7C:8B:CA:2C:3F:14;;1;No;WPA2,AES-CCM;No;270.0;0;14;0;0;0;0;0;;;Sat Mar 23 02:09:33 2019;Sat Mar 23 02:09:52 2019;-90;0;0;0.000000;0.000000;0.000000;0.000000;0.000000;0.000000;0.000000;0.000000;0.000000;0.000000;0.000000;0;0;0.0.0.0;
5;infrastructure;TP-Link_5572;50:C7:BF:E6:55:72;;1;No;WPA2,AES-CCM;No;270.0;0;55;0;4;0;0;4;;;Sat Mar 23 02:09:33 2019;Sat Mar 23 02:09:52 2019;-45;0;0;0.000000;0.000000;0.000000;0.000000;0.000000;0.000000;0.000000;0.000000;0.000000;0.000000;0.000000;0;0;0.0.0.0;
